Num,expected,actual
32,2019-11-13 09:09:00,2019-11-13 09:09:00
33,2019-11-13 17:29:00,2019-11-13 17:32:00
32,2019-11-14 09:09:00,2019-11-14 09:16:00
98,2019-11-14 09:19:00,2019-11-14 09:15:00
32,2019-11-14 18:00:00,2019-11-14 18:20:00
98,2019-11-14 18:05:00,2019-11-14 18:19:00
32,2019-11-15 08:31:00,2019-11-15 08:42:00
33,2019-11-15 17:29:00,2019-11-15 17:29:00
32,2019-11-18 09:09:00,2019-11-18 09:18:00
98,2019-11-18 09:19:00,2019-11-18 09:17:00
32,2019-11-18 18:00:00,2019-11-18 18:03:00
32,2019-11-19 08:31:00,2019-11-19 08:31:00
33,2019-11-19 17:29:00,2019-11-19 17:30:00
32,2019-11-20 08:31:00,2019-11-20 08:32:00
32,2019-11-20 18:00:00,2019-11-20 18:04:00
32,2019-11-21 09:09:00,2019-11-21 09:08:00
32,2019-11-21 17:03:00,2019-11-21 17:04:00
32,2019-11-26 08:31:00,2019-11-26 08:30:00
32,2019-11-26 17:03:00,2019-11-26 17:03:00
32,2019-11-27 09:09:00,2019-11-27 09:22:00
98,2019-11-27 09:15:00,2019-11-27 09:21:00
32,2019-11-27 18:00:00,2019-11-27 18:02:00
32,2019-11-28 08:31:00,2019-11-28 08:32:00
32,2019-11-28 17:33:00,2019-11-28 17:40:00
32,2019-11-29 09:09:00,2019-11-29 09:16:00
98,2019-11-29 09:19:00,2019-11-29 09:15:00
32,2019-11-29 17:03:00,2019-11-29 17:03:00
